,index,Unnamed: 0,Model,Window,Step,Recall,F1,Accuracy,Precision,ROC_AUC,SelectedFeatures,FeatureSelectionMethod,FeatureScores,Best_k
0,0,0,LogisticRegression,10,10,0.6479468599033816,0.5982205087852899,0.5739130434782609,0.5629608141443835,0.5963525257298887,"O2Hb_max, HHb_max, O2Hb_mean, O2Hb_median, HHb_mean, O2Hb_min, tHb_mean, HHb_std, HHb_median, HHb_min, tHb_median, tHb_min, tHb_max, O2Hb_std, tHb_std",random_forest,"[('O2Hb_max', np.float64(0.12255953399129209)), ('HHb_max', np.float64(0.09944588578640805)), ('O2Hb_mean', np.float64(0.0951448291174674)), ('O2Hb_median', np.float64(0.09140104313685957)), ('HHb_mean', np.float64(0.07548092886620426)), ('O2Hb_min', np.float64(0.07166742365835407)), ('tHb_mean', np.float64(0.06372345478737657)), ('HHb_std', np.float64(0.0595194204960152)), ('HHb_median', np.float64(0.057640823662234275)), ('HHb_min', np.float64(0.05332491027826271)), ('tHb_median', np.float64(0.05170270843457707)), ('tHb_min', np.float64(0.04879181676009249)), ('tHb_max', np.float64(0.04326578507359309)), ('O2Hb_std', np.float64(0.03902753110670116)), ('tHb_std', np.float64(0.02730390484456175))]",15
1,3,3,KNN,10,10,0.6322463768115941,0.5899057396417215,0.5590579710144928,0.5699219081572023,0.5986498372190716,"tHb_max, tHb_mean, tHb_median, tHb_min, O2Hb_max, O2Hb_mean, O2Hb_median, O2Hb_min, HHb_max, HHb_mean, HHb_median",select_k_best,"[('tHb_max', np.float64(293.91375457870646)), ('tHb_mean', np.float64(288.84949699506456)), ('tHb_median', np.float64(280.1949449518835)), ('tHb_min', np.float64(275.7955470483024)), ('O2Hb_max', np.float64(241.01034388563906)), ('O2Hb_mean', np.float64(215.90127128406212)), ('O2Hb_median', np.float64(211.86531853941304)), ('O2Hb_min', np.float64(194.78941988136734)), ('HHb_max', np.float64(67.97222414999574)), ('HHb_mean', np.float64(59.36814804090115)), ('HHb_median', np.float64(58.605583926620234))]",11
2,6,6,LogisticRegression,10,20,0.6026570048309179,0.5400593328427311,0.494927536231884,0.4998228458049887,0.4990285654274313,"O2Hb_median, O2Hb_max, O2Hb_mean, HHb_max, HHb_mean, HHb_std, O2Hb_min, HHb_median, tHb_min, HHb_min, tHb_mean, tHb_median, O2Hb_std, tHb_max, tHb_std",random_forest,"[('O2Hb_median', np.float64(0.10530202202914854)), ('O2Hb_max', np.float64(0.10347756010328421)), ('O2Hb_mean', np.float64(0.09811593301759053)), ('HHb_max', np.float64(0.08327933895634976)), ('HHb_mean', np.float64(0.07311384025041906)), ('HHb_std', np.float64(0.07281410995121994)), ('O2Hb_min', np.float64(0.06732327162211005)), ('HHb_median', np.float64(0.06581596326636019)), ('tHb_min', np.float64(0.05979915651410024)), ('HHb_min', np.float64(0.055345328773177514)), ('tHb_mean', np.float64(0.05123032788623808)), ('tHb_median', np.float64(0.045974918194117455)), ('O2Hb_std', np.float64(0.043391934949143514)), ('tHb_max', np.float64(0.040402365975570745)), ('tHb_std', np.float64(0.03461392851117026))]",15
3,10,10,DecisionTree,10,20,0.6219806763285024,0.5461516214193471,0.4996376811594202,0.5121966575091575,0.5157004830917874,"tHb_min, tHb_max, tHb_mean, tHb_median, O2Hb_max, O2Hb_mean, O2Hb_median, O2Hb_min, HHb_max, HHb_mean, HHb_min",select_k_best,"[('tHb_min', np.float64(136.06694973478503)), ('tHb_max', np.float64(135.99831841765936)), ('tHb_mean', np.float64(132.62724561141144)), ('tHb_median', np.float64(128.6740202517934)), ('O2Hb_max', np.float64(122.25428035064134)), ('O2Hb_mean', np.float64(108.00308262002248)), ('O2Hb_median', np.float64(107.27016653632109)), ('O2Hb_min', np.float64(94.55030289682729)), ('HHb_max', np.float64(28.950954160494017)), ('HHb_mean', np.float64(26.515742624499143)), ('HHb_min', np.float64(26.356805138313803))]",11
4,12,12,LogisticRegression,10,30,0.6057347670250897,0.566887743110641,0.5440860215053763,0.540719018138373,0.5641114579720199,"O2Hb_max, O2Hb_median, O2Hb_mean, HHb_max, HHb_mean, tHb_mean, O2Hb_min, tHb_median, HHb_min, tHb_min, HHb_median, tHb_max, HHb_std, O2Hb_std, tHb_std",random_forest,"[('O2Hb_max', np.float64(0.12589473138615628)), ('O2Hb_median', np.float64(0.09778312907006034)), ('O2Hb_mean', np.float64(0.08207161021113014)), ('HHb_max', np.float64(0.08141175406125542)), ('HHb_mean', np.float64(0.07562230779313003)), ('tHb_mean', np.float64(0.07077354145815234)), ('O2Hb_min', np.float64(0.06935828955003967)), ('tHb_median', np.float64(0.06554910554773373)), ('HHb_min', np.float64(0.05847961146391212)), ('tHb_min', np.float64(0.054282971032428205)), ('HHb_median', np.float64(0.051787105785104745)), ('tHb_max', np.float64(0.049936037942216877)), ('HHb_std', np.float64(0.04605698628397158)), ('O2Hb_std', np.float64(0.044092757215120244)), ('tHb_std', np.float64(0.02690006119958837))]",15
5,13,13,SVC,10,30,0.7150537634408604,0.6341170323928944,0.5801075268817204,0.5919467343056436,0.6164585501214013,"O2Hb_max, O2Hb_median, O2Hb_mean, HHb_max, HHb_mean, tHb_mean, O2Hb_min, tHb_median, HHb_min, tHb_min, HHb_median, tHb_max, HHb_std",random_forest,"[('O2Hb_max', np.float64(0.12589473138615628)), ('O2Hb_median', np.float64(0.09778312907006034)), ('O2Hb_mean', np.float64(0.08207161021113014)), ('HHb_max', np.float64(0.08141175406125542)), ('HHb_mean', np.float64(0.07562230779313003)), ('tHb_mean', np.float64(0.07077354145815234)), ('O2Hb_min', np.float64(0.06935828955003967)), ('tHb_median', np.float64(0.06554910554773373)), ('HHb_min', np.float64(0.05847961146391212)), ('tHb_min', np.float64(0.054282971032428205)), ('HHb_median', np.float64(0.051787105785104745)), ('tHb_max', np.float64(0.049936037942216877)), ('HHb_std', np.float64(0.04605698628397158))]",13
6,24,24,LogisticRegression,10,50,0.587719298245614,0.5750938295741164,0.5657894736842105,0.5852209805698178,0.5757925515543244,"O2Hb_max, O2Hb_median, HHb_max, O2Hb_mean, HHb_std, tHb_mean, HHb_mean, tHb_min, O2Hb_min, tHb_max, HHb_median, HHb_min, tHb_median, O2Hb_std, tHb_std",random_forest,"[('O2Hb_max', np.float64(0.11209992487915182)), ('O2Hb_median', np.float64(0.10861059235549804)), ('HHb_max', np.float64(0.08059032107714947)), ('O2Hb_mean', np.float64(0.08052356591745569)), ('HHb_std', np.float64(0.07387717876545387)), ('tHb_mean', np.float64(0.073732722271064)), ('HHb_mean', np.float64(0.06824655876128514)), ('tHb_min', np.float64(0.06332856698434024)), ('O2Hb_min', np.float64(0.06318324004508395)), ('tHb_max', np.float64(0.05437278019507716)), ('HHb_median', np.float64(0.05412903873006889)), ('HHb_min', np.float64(0.046834666702691666)), ('tHb_median', np.float64(0.0453206794587227)), ('O2Hb_std', np.float64(0.040038336164725234)), ('tHb_std', np.float64(0.035111827692232075))]",15
7,25,25,SVC,10,50,0.6783625730994153,0.60483618777499,0.5552631578947368,0.5608924556760294,0.5914127423822714,"tHb_max, tHb_mean, tHb_min, tHb_median, O2Hb_max, O2Hb_mean, O2Hb_median, O2Hb_min, HHb_max, HHb_mean, HHb_median, HHb_min, HHb_std",select_k_best,"[('tHb_max', np.float64(57.83131734760882)), ('tHb_mean', np.float64(56.45516314477993)), ('tHb_min', np.float64(55.023736458941386)), ('tHb_median', np.float64(54.54758956435368)), ('O2Hb_max', np.float64(47.52589818911241)), ('O2Hb_mean', np.float64(42.719006231210756)), ('O2Hb_median', np.float64(41.77320127405642)), ('O2Hb_min', np.float64(39.173221504622816)), ('HHb_max', np.float64(12.590866500298862)), ('HHb_mean', np.float64(11.366085693985813)), ('HHb_median', np.float64(11.159134613157383)), ('HHb_min', np.float64(10.07718076530942)), ('HHb_std', np.float64(1.9490512865673313))]",13
8,44,44,RandomForest,10,80,0.8472222222222223,0.7360756182925096,0.7097222222222221,0.6638352638352638,0.7093942901234568,"tHb_min, O2Hb_median, tHb_max, O2Hb_max, HHb_std, tHb_mean, O2Hb_mean, tHb_median, O2Hb_min, HHb_max, O2Hb_std, HHb_min, tHb_std",random_forest,"[('tHb_min', np.float64(0.10403989879200101)), ('O2Hb_median', np.float64(0.10292451335926474)), ('tHb_max', np.float64(0.10281967767149516)), ('O2Hb_max', np.float64(0.0992960675089868)), ('HHb_std', np.float64(0.07741275093870337)), ('tHb_mean', np.float64(0.07386766979479327)), ('O2Hb_mean', np.float64(0.07250408350630368)), ('tHb_median', np.float64(0.05838444231439533)), ('O2Hb_min', np.float64(0.05691155440703487)), ('HHb_max', np.float64(0.05494507496835625)), ('O2Hb_std', np.float64(0.04938593774157968)), ('HHb_min', np.float64(0.03974167530840217)), ('tHb_std', np.float64(0.03819890232742884))]",13
9,53,53,XGBoost,10,90,0.7474747474747474,0.6433999700509134,0.5833333333333334,0.5843168109100446,0.6056014692378329,"O2Hb_max, O2Hb_median, O2Hb_mean, HHb_max, tHb_max, O2Hb_min, tHb_median, O2Hb_std, HHb_mean, tHb_min, tHb_mean, HHb_min, HHb_median, HHb_std, tHb_std",random_forest,"[('O2Hb_max', np.float64(0.12761953411452467)), ('O2Hb_median', np.float64(0.09980475884766236)), ('O2Hb_mean', np.float64(0.09753165004594902)), ('HHb_max', np.float64(0.08821927201627454)), ('tHb_max', np.float64(0.07876159940247947)), ('O2Hb_min', np.float64(0.07185153336699812)), ('tHb_median', np.float64(0.06515495316335722)), ('O2Hb_std', np.float64(0.05756074862230047)), ('HHb_mean', np.float64(0.05688340782835391)), ('tHb_min', np.float64(0.053292052506384816)), ('tHb_mean', np.float64(0.05015403560961619)), ('HHb_min', np.float64(0.04662153510455415)), ('HHb_median', np.float64(0.04163368624505945)), ('HHb_std', np.float64(0.03691571490296167)), ('tHb_std', np.float64(0.027995518223523808))]",15
10,60,60,LogisticRegression,20,10,0.6514041514041514,0.5970023781364214,0.5653846153846154,0.56195784172434,0.6011351286076562,"O2Hb_max, HHb_max, O2Hb_median, O2Hb_mean, O2Hb_min, tHb_max, tHb_min, HHb_mean, HHb_median, HHb_std, tHb_mean, HHb_min, tHb_median, O2Hb_std, tHb_std",random_forest,"[('O2Hb_max', np.float64(0.14393235274917274)), ('HHb_max', np.float64(0.11319615655495172)), ('O2Hb_median', np.float64(0.09563880105295663)), ('O2Hb_mean', np.float64(0.08659827824266485)), ('O2Hb_min', np.float64(0.06662572658783747)), ('tHb_max', np.float64(0.06633885508539987)), ('tHb_min', np.float64(0.06316162511296819)), ('HHb_mean', np.float64(0.05975894313873253)), ('HHb_median', np.float64(0.05683918032904233)), ('HHb_std', np.float64(0.0559242403299518)), ('tHb_mean', np.float64(0.054514385987518)), ('HHb_min', np.float64(0.04813567187726489)), ('tHb_median', np.float64(0.03555247991136652)), ('O2Hb_std', np.float64(0.03072950804103122)), ('tHb_std', np.float64(0.023053794999141217))]",15
11,61,61,SVC,20,10,0.7203907203907204,0.6284555973644337,0.5644688644688644,0.5862643305213066,0.5579874948006817,"tHb_max, tHb_mean, tHb_min, tHb_median, O2Hb_max, O2Hb_mean, O2Hb_median, O2Hb_min, HHb_max, HHb_mean, HHb_median, HHb_min, HHb_std",select_k_best,"[('tHb_max', np.float64(332.88953561654665)), ('tHb_mean', np.float64(313.6931081291002)), ('tHb_min', np.float64(291.04083804672973)), ('tHb_median', np.float64(279.9288843665945)), ('O2Hb_max', np.float64(271.23221250294665)), ('O2Hb_mean', np.float64(223.13543250794405)), ('O2Hb_median', np.float64(217.40575051471959)), ('O2Hb_min', np.float64(182.00831146880813)), ('HHb_max', np.float64(83.13697956394044)), ('HHb_mean', np.float64(63.03085752301766)), ('HHb_median', np.float64(57.54971791682064)), ('HHb_min', np.float64(42.56022126486666)), ('HHb_std', np.float64(30.324552501878713))]",13
12,66,66,LogisticRegression,20,20,0.6823671497584541,0.6264725077500408,0.5992753623188406,0.5930936665556795,0.6098508716656165,"O2Hb_max, HHb_max, O2Hb_mean, O2Hb_median, tHb_min, tHb_max, O2Hb_min, HHb_std, tHb_mean, HHb_median, HHb_mean",random_forest,"[('O2Hb_max', np.float64(0.13869879514750563)), ('HHb_max', np.float64(0.11494606376087207)), ('O2Hb_mean', np.float64(0.09345101291353511)), ('O2Hb_median', np.float64(0.09228011443075106)), ('tHb_min', np.float64(0.07076728830149458)), ('tHb_max', np.float64(0.06440944095756662)), ('O2Hb_min', np.float64(0.06416397393474503)), ('HHb_std', np.float64(0.05712825713525371)), ('tHb_mean', np.float64(0.05682398457535871)), ('HHb_median', np.float64(0.05523511913266754)), ('HHb_mean', np.float64(0.04902532768471681))]",11
13,67,67,SVC,20,20,0.7318840579710145,0.6323585386858873,0.5666666666666668,0.5841956521839632,0.6090632220121824,"O2Hb_max, HHb_max, O2Hb_mean, O2Hb_median, tHb_min, tHb_max, O2Hb_min, HHb_std, tHb_mean, HHb_median, HHb_mean, HHb_min, tHb_median",random_forest,"[('O2Hb_max', np.float64(0.13869879514750563)), ('HHb_max', np.float64(0.11494606376087207)), ('O2Hb_mean', np.float64(0.09345101291353511)), ('O2Hb_median', np.float64(0.09228011443075106)), ('tHb_min', np.float64(0.07076728830149458)), ('tHb_max', np.float64(0.06440944095756662)), ('O2Hb_min', np.float64(0.06416397393474503)), ('HHb_std', np.float64(0.05712825713525371)), ('tHb_mean', np.float64(0.05682398457535871)), ('HHb_median', np.float64(0.05523511913266754)), ('HHb_mean', np.float64(0.04902532768471681)), ('HHb_min', np.float64(0.04364963951784911)), ('tHb_median', np.float64(0.042986917209635815))]",13
14,74,74,RandomForest,20,30,0.6505376344086021,0.6049896079092237,0.5666666666666667,0.6043419267299864,0.6217915365938259,"O2Hb_max, O2Hb_mean, HHb_max, O2Hb_median, tHb_min, O2Hb_min, tHb_max, tHb_mean, HHb_std, HHb_median, HHb_mean, HHb_min",random_forest,"[('O2Hb_max', np.float64(0.13072343906730288)), ('O2Hb_mean', np.float64(0.0968852381332122)), ('HHb_max', np.float64(0.0967557312360848)), ('O2Hb_median', np.float64(0.08679045259207319)), ('tHb_min', np.float64(0.07853304329892576)), ('O2Hb_min', np.float64(0.07067981382149878)), ('tHb_max', np.float64(0.06488605998830586)), ('tHb_mean', np.float64(0.06281804456331208)), ('HHb_std', np.float64(0.06169552651810478)), ('HHb_median', np.float64(0.0581651478199227)), ('HHb_mean', np.float64(0.053456704145685076)), ('HHb_min', np.float64(0.04427917400530418))]",12
15,86,86,RandomForest,20,50,0.6695906432748538,0.604330970683172,0.5552631578947368,0.5792275426826922,0.6040704832256079,"tHb_max, tHb_mean, tHb_min, tHb_median, O2Hb_max, O2Hb_mean, O2Hb_median, O2Hb_min, HHb_max, HHb_mean, HHb_median, HHb_min",select_k_best,"[('tHb_max', np.float64(65.09306799705281)), ('tHb_mean', np.float64(62.43947245574361)), ('tHb_min', np.float64(61.081119464664)), ('tHb_median', np.float64(54.724720053072815)), ('O2Hb_max', np.float64(53.43380495635421)), ('O2Hb_mean', np.float64(45.21465313275386)), ('O2Hb_median', np.float64(44.007160325045774)), ('O2Hb_min', np.float64(38.07121158577427)), ('HHb_max', np.float64(15.80856717385531)), ('HHb_mean', np.float64(12.137371243697215)), ('HHb_median', np.float64(10.492378338790395)), ('HHb_min', np.float64(9.7577403678845))]",12
16,102,102,LogisticRegression,20,80,0.7685185185185185,0.697111631537861,0.6819444444444445,0.7117117117117117,0.701388888888889,"tHb_max, O2Hb_max, tHb_mean, tHb_min, HHb_std, tHb_median, O2Hb_median, O2Hb_mean, O2Hb_min, HHb_median, HHb_max, HHb_mean, HHb_min, O2Hb_std, tHb_std",random_forest,"[('tHb_max', np.float64(0.11197978554085414)), ('O2Hb_max', np.float64(0.09873612163215123)), ('tHb_mean', np.float64(0.0950557335561443)), ('tHb_min', np.float64(0.09399604412520944)), ('HHb_std', np.float64(0.08847316254672498)), ('tHb_median', np.float64(0.0879263664762562)), ('O2Hb_median', np.float64(0.07052868225215153)), ('O2Hb_mean', np.float64(0.06016550538627031)), ('O2Hb_min', np.float64(0.04989752085706558)), ('HHb_median', np.float64(0.04528701391266849)), ('HHb_max', np.float64(0.0433343396933594)), ('HHb_mean', np.float64(0.041422008114270374)), ('HHb_min', np.float64(0.04042262197921026)), ('O2Hb_std', np.float64(0.039052519484891246)), ('tHb_std', np.float64(0.03372257444277248))]",15
17,103,103,SVC,20,80,0.8333333333333334,0.7284557397787248,0.6986111111111111,0.6690670934091987,0.7642746913580246,"tHb_max, O2Hb_max, tHb_mean, tHb_min, HHb_std, tHb_median, O2Hb_median, O2Hb_mean, O2Hb_min, HHb_median, HHb_max",random_forest,"[('tHb_max', np.float64(0.11197978554085414)), ('O2Hb_max', np.float64(0.09873612163215123)), ('tHb_mean', np.float64(0.0950557335561443)), ('tHb_min', np.float64(0.09399604412520944)), ('HHb_std', np.float64(0.08847316254672498)), ('tHb_median', np.float64(0.0879263664762562)), ('O2Hb_median', np.float64(0.07052868225215153)), ('O2Hb_mean', np.float64(0.06016550538627031)), ('O2Hb_min', np.float64(0.04989752085706558)), ('HHb_median', np.float64(0.04528701391266849)), ('HHb_max', np.float64(0.0433343396933594))]",11
18,104,104,RandomForest,20,80,0.6388888888888888,0.6058848255569568,0.6708333333333333,0.6098943771357564,0.7499035493827161,"tHb_max, O2Hb_max, tHb_mean, tHb_min, HHb_std, tHb_median, O2Hb_median, O2Hb_mean, O2Hb_min, HHb_median, HHb_max, HHb_mean, HHb_min, O2Hb_std, tHb_std",random_forest,"[('tHb_max', np.float64(0.11197978554085414)), ('O2Hb_max', np.float64(0.09873612163215123)), ('tHb_mean', np.float64(0.0950557335561443)), ('tHb_min', np.float64(0.09399604412520944)), ('HHb_std', np.float64(0.08847316254672498)), ('tHb_median', np.float64(0.0879263664762562)), ('O2Hb_median', np.float64(0.07052868225215153)), ('O2Hb_mean', np.float64(0.06016550538627031)), ('O2Hb_min', np.float64(0.04989752085706558)), ('HHb_median', np.float64(0.04528701391266849)), ('HHb_max', np.float64(0.0433343396933594)), ('HHb_mean', np.float64(0.041422008114270374)), ('HHb_min', np.float64(0.04042262197921026)), ('O2Hb_std', np.float64(0.039052519484891246)), ('tHb_std', np.float64(0.03372257444277248))]",15
19,105,105,KNN,20,80,0.7453703703703703,0.6933428153767137,0.6847222222222222,0.6711478362201388,0.6852816358024691,"tHb_max, O2Hb_max, tHb_mean, tHb_min, HHb_std, tHb_median, O2Hb_median, O2Hb_mean, O2Hb_min, HHb_median, HHb_max, HHb_mean",random_forest,"[('tHb_max', np.float64(0.11197978554085414)), ('O2Hb_max', np.float64(0.09873612163215123)), ('tHb_mean', np.float64(0.0950557335561443)), ('tHb_min', np.float64(0.09399604412520944)), ('HHb_std', np.float64(0.08847316254672498)), ('tHb_median', np.float64(0.0879263664762562)), ('O2Hb_median', np.float64(0.07052868225215153)), ('O2Hb_mean', np.float64(0.06016550538627031)), ('O2Hb_min', np.float64(0.04989752085706558)), ('HHb_median', np.float64(0.04528701391266849)), ('HHb_max', np.float64(0.0433343396933594)), ('HHb_mean', np.float64(0.041422008114270374))]",12
20,110,110,RandomForest,20,90,0.7676767676767676,0.676068376068376,0.6348484848484848,0.6186479128856625,0.6670110192837466,"tHb_max, O2Hb_max, tHb_mean, tHb_min, tHb_median, O2Hb_mean, O2Hb_median, O2Hb_min, HHb_max, HHb_mean, HHb_median, HHb_min, HHb_std",select_k_best,"[('tHb_max', np.float64(35.18104756447909)), ('O2Hb_max', np.float64(33.48145129384799)), ('tHb_mean', np.float64(33.30026737063986)), ('tHb_min', np.float64(31.453139398821875)), ('tHb_median', np.float64(30.195793498249476)), ('O2Hb_mean', np.float64(27.880229316598605)), ('O2Hb_median', np.float64(27.465226932799396)), ('O2Hb_min', np.float64(22.378862646971832)), ('HHb_max', np.float64(7.7332588801735165)), ('HHb_mean', np.float64(5.5912214885360285)), ('HHb_median', np.float64(5.001617368685321)), ('HHb_min', np.float64(3.773828095111561)), ('HHb_std', np.float64(3.7198148386092846))]",13
21,112,112,DecisionTree,20,90,0.7373737373737373,0.6687426900584795,0.6393939393939393,0.6248847926267281,0.6489898989898991,"tHb_max, O2Hb_max, tHb_mean, tHb_min, tHb_median, O2Hb_mean, O2Hb_median, O2Hb_min, HHb_max, HHb_mean, HHb_median, HHb_min, HHb_std, O2Hb_std, tHb_std",select_k_best,"[('tHb_max', np.float64(35.18104756447909)), ('O2Hb_max', np.float64(33.48145129384799)), ('tHb_mean', np.float64(33.30026737063986)), ('tHb_min', np.float64(31.453139398821875)), ('tHb_median', np.float64(30.195793498249476)), ('O2Hb_mean', np.float64(27.880229316598605)), ('O2Hb_median', np.float64(27.465226932799396)), ('O2Hb_min', np.float64(22.378862646971832)), ('HHb_max', np.float64(7.7332588801735165)), ('HHb_mean', np.float64(5.5912214885360285)), ('HHb_median', np.float64(5.001617368685321)), ('HHb_min', np.float64(3.773828095111561)), ('HHb_std', np.float64(3.7198148386092846)), ('O2Hb_std', np.float64(1.2393325167129392)), ('tHb_std', np.float64(0.29830906427631376))]",15
22,113,113,XGBoost,20,90,0.7626262626262627,0.6728744939271255,0.6363636363636364,0.6136904761904761,0.6168503213957758,"O2Hb_max, O2Hb_median, HHb_max, O2Hb_mean, tHb_min, tHb_max, O2Hb_min, HHb_median, tHb_mean, HHb_min, HHb_std",random_forest,"[('O2Hb_max', np.float64(0.14741396078816885)), ('O2Hb_median', np.float64(0.10026152562476226)), ('HHb_max', np.float64(0.09680631893332241)), ('O2Hb_mean', np.float64(0.0915313563033392)), ('tHb_min', np.float64(0.07248743716465274)), ('tHb_max', np.float64(0.06967364863575508)), ('O2Hb_min', np.float64(0.0663803960782214)), ('HHb_median', np.float64(0.06285513740619182)), ('tHb_mean', np.float64(0.05400790091633841)), ('HHb_min', np.float64(0.04971081228985827)), ('HHb_std', np.float64(0.04679115517682347))]",11
23,120,120,LogisticRegression,30,10,0.6722222222222222,0.6221642454367023,0.5968518518518519,0.5950041784533867,0.598823731138546,"O2Hb_max, HHb_max, O2Hb_mean, O2Hb_median, tHb_max, tHb_min, HHb_std, tHb_mean, HHb_median, O2Hb_min, HHb_mean, HHb_min, tHb_median, tHb_std, O2Hb_std",random_forest,"[('O2Hb_max', np.float64(0.15378609432236612)), ('HHb_max', np.float64(0.11255979924323525)), ('O2Hb_mean', np.float64(0.0942991731486186)), ('O2Hb_median', np.float64(0.08648130743169966)), ('tHb_max', np.float64(0.08553146438212818)), ('tHb_min', np.float64(0.07713486868847588)), ('HHb_std', np.float64(0.0639137778658385)), ('tHb_mean', np.float64(0.06034735460233007)), ('HHb_median', np.float64(0.05807389110742007)), ('O2Hb_min', np.float64(0.0534709331260255)), ('HHb_mean', np.float64(0.04516502945974917)), ('HHb_min', np.float64(0.039701497996894534)), ('tHb_median', np.float64(0.024545874375924405)), ('tHb_std', np.float64(0.02285179972336493)), ('O2Hb_std', np.float64(0.022137134525929174))]",15
24,121,121,SVC,30,10,0.725925925925926,0.6186839614454677,0.5409259259259259,0.5809336307440452,0.5315294924554184,"tHb_max, tHb_mean, tHb_min, O2Hb_max, tHb_median, O2Hb_mean, O2Hb_median, O2Hb_min, HHb_max, HHb_mean, HHb_median, HHb_std",select_k_best,"[('tHb_max', np.float64(402.6355915073572)), ('tHb_mean', np.float64(351.86329202690894)), ('tHb_min', np.float64(323.7798832700041)), ('O2Hb_max', np.float64(307.53633385267165)), ('tHb_median', np.float64(287.4083516753399)), ('O2Hb_mean', np.float64(233.10268860186085)), ('O2Hb_median', np.float64(215.48320150487785)), ('O2Hb_min', np.float64(174.2001505755675)), ('HHb_max', np.float64(102.04869783845882)), ('HHb_mean', np.float64(68.25183256820237)), ('HHb_median', np.float64(60.27808571990427)), ('HHb_std', np.float64(43.39054652910782))]",12
25,125,125,XGBoost,30,10,0.645679012345679,0.607523974447989,0.58,0.635052487716603,0.630545267489712,"tHb_max, tHb_mean, tHb_min, O2Hb_max, tHb_median, O2Hb_mean, O2Hb_median, O2Hb_min, HHb_max, HHb_mean, HHb_median, HHb_std, HHb_min, O2Hb_std, tHb_std",select_k_best,"[('tHb_max', np.float64(402.6355915073572)), ('tHb_mean', np.float64(351.86329202690894)), ('tHb_min', np.float64(323.7798832700041)), ('O2Hb_max', np.float64(307.53633385267165)), ('tHb_median', np.float64(287.4083516753399)), ('O2Hb_mean', np.float64(233.10268860186085)), ('O2Hb_median', np.float64(215.48320150487785)), ('O2Hb_min', np.float64(174.2001505755675)), ('HHb_max', np.float64(102.04869783845882)), ('HHb_mean', np.float64(68.25183256820237)), ('HHb_median', np.float64(60.27808571990427)), ('HHb_std', np.float64(43.39054652910782)), ('HHb_min', np.float64(38.886606139866174)), ('O2Hb_std', np.float64(5.665437974150719)), ('tHb_std', np.float64(1.85259876109988))]",15
26,127,127,SVC,30,20,0.7444444444444445,0.6493974034856823,0.5877777777777778,0.6086993501653234,0.6209053497942387,"O2Hb_max, HHb_max, O2Hb_median, O2Hb_mean, tHb_mean, tHb_max, HHb_median, O2Hb_min, tHb_min, HHb_std, HHb_min",random_forest,"[('O2Hb_max', np.float64(0.1520233857488961)), ('HHb_max', np.float64(0.09448034578455873)), ('O2Hb_median', np.float64(0.09009036054111844)), ('O2Hb_mean', np.float64(0.08388175906672676)), ('tHb_mean', np.float64(0.08183384150567015)), ('tHb_max', np.float64(0.07153669041763237)), ('HHb_median', np.float64(0.06430910089256935)), ('O2Hb_min', np.float64(0.0633701925299799)), ('tHb_min', np.float64(0.06092150883659419)), ('HHb_std', np.float64(0.05430553674662906)), ('HHb_min', np.float64(0.04724745430703342))]",11
27,129,129,KNN,30,20,0.6691358024691358,0.6183279650325139,0.5888888888888889,0.5880815426544502,0.6118861454046639,"O2Hb_max, HHb_max, O2Hb_median, O2Hb_mean, tHb_mean, tHb_max, HHb_median, O2Hb_min, tHb_min, HHb_std, HHb_min",random_forest,"[('O2Hb_max', np.float64(0.1520233857488961)), ('HHb_max', np.float64(0.09448034578455873)), ('O2Hb_median', np.float64(0.09009036054111844)), ('O2Hb_mean', np.float64(0.08388175906672676)), ('tHb_mean', np.float64(0.08183384150567015)), ('tHb_max', np.float64(0.07153669041763237)), ('HHb_median', np.float64(0.06430910089256935)), ('O2Hb_min', np.float64(0.0633701925299799)), ('tHb_min', np.float64(0.06092150883659419)), ('HHb_std', np.float64(0.05430553674662906)), ('HHb_min', np.float64(0.04724745430703342))]",11
28,131,131,XGBoost,30,20,0.6160493827160494,0.5800408536257593,0.554074074074074,0.6078678076628896,0.6408779149519891,"O2Hb_max, HHb_max, O2Hb_median, O2Hb_mean, tHb_mean, tHb_max, HHb_median, O2Hb_min, tHb_min, HHb_std, HHb_min, HHb_mean, tHb_median, tHb_std, O2Hb_std",random_forest,"[('O2Hb_max', np.float64(0.1520233857488961)), ('HHb_max', np.float64(0.09448034578455873)), ('O2Hb_median', np.float64(0.09009036054111844)), ('O2Hb_mean', np.float64(0.08388175906672676)), ('tHb_mean', np.float64(0.08183384150567015)), ('tHb_max', np.float64(0.07153669041763237)), ('HHb_median', np.float64(0.06430910089256935)), ('O2Hb_min', np.float64(0.0633701925299799)), ('tHb_min', np.float64(0.06092150883659419)), ('HHb_std', np.float64(0.05430553674662906)), ('HHb_min', np.float64(0.04724745430703342)), ('HHb_mean', np.float64(0.043118116889229174)), ('tHb_median', np.float64(0.041106999590746575)), ('tHb_std', np.float64(0.026339890832563245)), ('O2Hb_std', np.float64(0.02543481631005257))]",15
29,132,132,LogisticRegression,30,30,0.6555555555555556,0.6119924369115957,0.5883333333333334,0.5916551645490974,0.575462962962963,"O2Hb_max, HHb_max, O2Hb_median, O2Hb_mean, tHb_max, tHb_min, tHb_mean, HHb_mean, HHb_median, HHb_std, O2Hb_min, HHb_min, tHb_median, O2Hb_std, tHb_std",random_forest,"[('O2Hb_max', np.float64(0.15603512641990766)), ('HHb_max', np.float64(0.10542875809433087)), ('O2Hb_median', np.float64(0.10180830670113465)), ('O2Hb_mean', np.float64(0.08615908263385252)), ('tHb_max', np.float64(0.08292760920051183)), ('tHb_min', np.float64(0.06795118727993503)), ('tHb_mean', np.float64(0.05696001627607832)), ('HHb_mean', np.float64(0.05476558146941731)), ('HHb_median', np.float64(0.0530350006997277)), ('HHb_std', np.float64(0.051930783011286716)), ('O2Hb_min', np.float64(0.04925523229162587)), ('HHb_min', np.float64(0.04695731436189033)), ('tHb_median', np.float64(0.03610979699718186)), ('O2Hb_std', np.float64(0.02724247813641641)), ('tHb_std', np.float64(0.02343372642670256))]",15
30,133,133,SVC,30,30,0.7388888888888889,0.62762095529858,0.5538888888888889,0.5797282430945797,0.5898456790123457,"O2Hb_max, HHb_max, O2Hb_median, O2Hb_mean, tHb_max, tHb_min, tHb_mean, HHb_mean, HHb_median, HHb_std, O2Hb_min",random_forest,"[('O2Hb_max', np.float64(0.15603512641990766)), ('HHb_max', np.float64(0.10542875809433087)), ('O2Hb_median', np.float64(0.10180830670113465)), ('O2Hb_mean', np.float64(0.08615908263385252)), ('tHb_max', np.float64(0.08292760920051183)), ('tHb_min', np.float64(0.06795118727993503)), ('tHb_mean', np.float64(0.05696001627607832)), ('HHb_mean', np.float64(0.05476558146941731)), ('HHb_median', np.float64(0.0530350006997277)), ('HHb_std', np.float64(0.051930783011286716)), ('O2Hb_min', np.float64(0.04925523229162587))]",11
31,134,134,RandomForest,30,30,0.6592592592592593,0.6070448591400653,0.5627777777777778,0.6013484349203015,0.6031944444444445,"O2Hb_max, HHb_max, O2Hb_median, O2Hb_mean, tHb_max, tHb_min, tHb_mean, HHb_mean, HHb_median, HHb_std, O2Hb_min, HHb_min, tHb_median, O2Hb_std, tHb_std",random_forest,"[('O2Hb_max', np.float64(0.15603512641990766)), ('HHb_max', np.float64(0.10542875809433087)), ('O2Hb_median', np.float64(0.10180830670113465)), ('O2Hb_mean', np.float64(0.08615908263385252)), ('tHb_max', np.float64(0.08292760920051183)), ('tHb_min', np.float64(0.06795118727993503)), ('tHb_mean', np.float64(0.05696001627607832)), ('HHb_mean', np.float64(0.05476558146941731)), ('HHb_median', np.float64(0.0530350006997277)), ('HHb_std', np.float64(0.051930783011286716)), ('O2Hb_min', np.float64(0.04925523229162587)), ('HHb_min', np.float64(0.04695731436189033)), ('tHb_median', np.float64(0.03610979699718186)), ('O2Hb_std', np.float64(0.02724247813641641)), ('tHb_std', np.float64(0.02343372642670256))]",15
32,144,144,LogisticRegression,30,50,0.6574074074074074,0.61185495367152,0.5898148148148148,0.5851759143373662,0.5743312757201646,"O2Hb_max, HHb_max, O2Hb_mean, tHb_max, tHb_min, O2Hb_median, O2Hb_min, tHb_mean, HHb_median, HHb_std, HHb_min, HHb_mean, tHb_median, O2Hb_std, tHb_std",random_forest,"[('O2Hb_max', np.float64(0.1391581634977469)), ('HHb_max', np.float64(0.10791883876270898)), ('O2Hb_mean', np.float64(0.10220662239176947)), ('tHb_max', np.float64(0.08655743125795304)), ('tHb_min', np.float64(0.07401358521820707)), ('O2Hb_median', np.float64(0.07366519293317803)), ('O2Hb_min', np.float64(0.07099427788839914)), ('tHb_mean', np.float64(0.05839633894036227)), ('HHb_median', np.float64(0.05485555285396779)), ('HHb_std', np.float64(0.04816128985160918)), ('HHb_min', np.float64(0.043318095062656096)), ('HHb_mean', np.float64(0.04032898170633034)), ('tHb_median', np.float64(0.0359455837526555)), ('O2Hb_std', np.float64(0.0358198837038482)), ('tHb_std', np.float64(0.028660162178608117))]",15
33,146,146,RandomForest,30,50,0.7129629629629629,0.6364293085655315,0.5824074074074074,0.6145921783347484,0.6187842935528121,"O2Hb_max, HHb_max, O2Hb_mean, tHb_max, tHb_min, O2Hb_median, O2Hb_min, tHb_mean, HHb_median, HHb_std, HHb_min, HHb_mean, tHb_median, O2Hb_std, tHb_std",random_forest,"[('O2Hb_max', np.float64(0.1391581634977469)), ('HHb_max', np.float64(0.10791883876270898)), ('O2Hb_mean', np.float64(0.10220662239176947)), ('tHb_max', np.float64(0.08655743125795304)), ('tHb_min', np.float64(0.07401358521820707)), ('O2Hb_median', np.float64(0.07366519293317803)), ('O2Hb_min', np.float64(0.07099427788839914)), ('tHb_mean', np.float64(0.05839633894036227)), ('HHb_median', np.float64(0.05485555285396779)), ('HHb_std', np.float64(0.04816128985160918)), ('HHb_min', np.float64(0.043318095062656096)), ('HHb_mean', np.float64(0.04032898170633034)), ('tHb_median', np.float64(0.0359455837526555)), ('O2Hb_std', np.float64(0.0358198837038482)), ('tHb_std', np.float64(0.028660162178608117))]",15
34,162,162,LogisticRegression,30,80,0.7824074074074074,0.7154425612052732,0.6986111111111111,0.7051587301587302,0.7959104938271606,"HHb_std, O2Hb_max, tHb_max, tHb_min, tHb_median, O2Hb_median, tHb_mean, O2Hb_mean, HHb_max, O2Hb_min, HHb_median, O2Hb_std, HHb_mean, HHb_min, tHb_std",random_forest,"[('HHb_std', np.float64(0.11690638380078712)), ('O2Hb_max', np.float64(0.10489135089218267)), ('tHb_max', np.float64(0.10251972641877473)), ('tHb_min', np.float64(0.0982271322603603)), ('tHb_median', np.float64(0.0819812898009192)), ('O2Hb_median', np.float64(0.08047698182057354)), ('tHb_mean', np.float64(0.0711766991182226)), ('O2Hb_mean', np.float64(0.06402899139942927)), ('HHb_max', np.float64(0.0548007084676245)), ('O2Hb_min', np.float64(0.045612468629048476)), ('HHb_median', np.float64(0.045239968048048924)), ('O2Hb_std', np.float64(0.03984719269337684)), ('HHb_mean', np.float64(0.03316477421943169)), ('HHb_min', np.float64(0.03297203360612045)), ('tHb_std', np.float64(0.02815429882509976))]",15
35,163,163,SVC,30,80,0.875,0.7564749761471073,0.7263888888888889,0.6850447732800674,0.7534722222222223,"HHb_std, O2Hb_max, tHb_max, tHb_min, tHb_median, O2Hb_median, tHb_mean, O2Hb_mean, HHb_max, O2Hb_min, HHb_median",random_forest,"[('HHb_std', np.float64(0.11690638380078712)), ('O2Hb_max', np.float64(0.10489135089218267)), ('tHb_max', np.float64(0.10251972641877473)), ('tHb_min', np.float64(0.0982271322603603)), ('tHb_median', np.float64(0.0819812898009192)), ('O2Hb_median', np.float64(0.08047698182057354)), ('tHb_mean', np.float64(0.0711766991182226)), ('O2Hb_mean', np.float64(0.06402899139942927)), ('HHb_max', np.float64(0.0548007084676245)), ('O2Hb_min', np.float64(0.045612468629048476)), ('HHb_median', np.float64(0.045239968048048924))]",11
36,165,165,KNN,30,80,0.7175925925925926,0.6524450699820158,0.6666666666666666,0.6031473102061338,0.7444058641975309,"HHb_std, O2Hb_max, tHb_max, tHb_min, tHb_median, O2Hb_median, tHb_mean, O2Hb_mean, HHb_max, O2Hb_min, HHb_median, O2Hb_std",random_forest,"[('HHb_std', np.float64(0.11690638380078712)), ('O2Hb_max', np.float64(0.10489135089218267)), ('tHb_max', np.float64(0.10251972641877473)), ('tHb_min', np.float64(0.0982271322603603)), ('tHb_median', np.float64(0.0819812898009192)), ('O2Hb_median', np.float64(0.08047698182057354)), ('tHb_mean', np.float64(0.0711766991182226)), ('O2Hb_mean', np.float64(0.06402899139942927)), ('HHb_max', np.float64(0.0548007084676245)), ('O2Hb_min', np.float64(0.045612468629048476)), ('HHb_median', np.float64(0.045239968048048924)), ('O2Hb_std', np.float64(0.03984719269337684))]",12
37,170,170,RandomForest,30,90,0.7555555555555555,0.6707139747899937,0.6416666666666666,0.6132512787723785,0.6418055555555555,"O2Hb_max, HHb_max, tHb_max, O2Hb_mean, O2Hb_median, tHb_min, tHb_mean, HHb_std, O2Hb_min, HHb_median, O2Hb_std, HHb_mean",random_forest,"[('O2Hb_max', np.float64(0.16937112776354735)), ('HHb_max', np.float64(0.11663727677267482)), ('tHb_max', np.float64(0.09846165611742368)), ('O2Hb_mean', np.float64(0.08594014250917015)), ('O2Hb_median', np.float64(0.08534252392041394)), ('tHb_min', np.float64(0.06663856535809327)), ('tHb_mean', np.float64(0.06341231544255566)), ('HHb_std', np.float64(0.0573030641487635)), ('O2Hb_min', np.float64(0.045559556466620986)), ('HHb_median', np.float64(0.043646471498851876)), ('O2Hb_std', np.float64(0.0420222698138706)), ('HHb_mean', np.float64(0.04054933388483654))]",12
38,171,171,KNN,30,90,0.638888888888889,0.5932539682539683,0.5666666666666668,0.5686813186813187,0.5597222222222222,"O2Hb_max, HHb_max, tHb_max, O2Hb_mean, O2Hb_median, tHb_min, tHb_mean, HHb_std, O2Hb_min, HHb_median, O2Hb_std, HHb_mean",random_forest,"[('O2Hb_max', np.float64(0.16937112776354735)), ('HHb_max', np.float64(0.11663727677267482)), ('tHb_max', np.float64(0.09846165611742368)), ('O2Hb_mean', np.float64(0.08594014250917015)), ('O2Hb_median', np.float64(0.08534252392041394)), ('tHb_min', np.float64(0.06663856535809327)), ('tHb_mean', np.float64(0.06341231544255566)), ('HHb_std', np.float64(0.0573030641487635)), ('O2Hb_min', np.float64(0.045559556466620986)), ('HHb_median', np.float64(0.043646471498851876)), ('O2Hb_std', np.float64(0.0420222698138706)), ('HHb_mean', np.float64(0.04054933388483654))]",12
39,173,173,XGBoost,30,90,0.7000000000000001,0.6337698412698413,0.62,0.5830065359477125,0.6136111111111111,"O2Hb_max, HHb_max, tHb_max, O2Hb_mean, O2Hb_median, tHb_min, tHb_mean, HHb_std, O2Hb_min, HHb_median, O2Hb_std",random_forest,"[('O2Hb_max', np.float64(0.16937112776354735)), ('HHb_max', np.float64(0.11663727677267482)), ('tHb_max', np.float64(0.09846165611742368)), ('O2Hb_mean', np.float64(0.08594014250917015)), ('O2Hb_median', np.float64(0.08534252392041394)), ('tHb_min', np.float64(0.06663856535809327)), ('tHb_mean', np.float64(0.06341231544255566)), ('HHb_std', np.float64(0.0573030641487635)), ('O2Hb_min', np.float64(0.045559556466620986)), ('HHb_median', np.float64(0.043646471498851876)), ('O2Hb_std', np.float64(0.0420222698138706))]",11
40,180,180,LogisticRegression,40,10,0.653558052434457,0.6097433335098631,0.5833333333333334,0.5963054824642078,0.5774979309570901,"O2Hb_max, HHb_max, tHb_max, O2Hb_mean, tHb_min, tHb_mean, O2Hb_median, HHb_std, HHb_median, O2Hb_min, HHb_min, HHb_mean, tHb_median, O2Hb_std, tHb_std",random_forest,"[('O2Hb_max', np.float64(0.1784798270066301)), ('HHb_max', np.float64(0.14102241230504786)), ('tHb_max', np.float64(0.09445867484329697)), ('O2Hb_mean', np.float64(0.09291118294488881)), ('tHb_min', np.float64(0.08705069476992894)), ('tHb_mean', np.float64(0.07454988849241277)), ('O2Hb_median', np.float64(0.0702074628691967)), ('HHb_std', np.float64(0.06243741549313465)), ('HHb_median', np.float64(0.040099748046223155)), ('O2Hb_min', np.float64(0.0372671544420113)), ('HHb_min', np.float64(0.03478989584143278)), ('HHb_mean', np.float64(0.031010538402222863)), ('tHb_median', np.float64(0.02159799999873756)), ('O2Hb_std', np.float64(0.01900621051067065)), ('tHb_std', np.float64(0.01511089403416494))]",15
41,182,182,RandomForest,40,10,0.6710362047440698,0.6144305016680374,0.5747191011235956,0.630798141871364,0.6132064554138787,"O2Hb_max, HHb_max, tHb_max, O2Hb_mean, tHb_min, tHb_mean, O2Hb_median, HHb_std, HHb_median, O2Hb_min, HHb_min, HHb_mean, tHb_median",random_forest,"[('O2Hb_max', np.float64(0.1784798270066301)), ('HHb_max', np.float64(0.14102241230504786)), ('tHb_max', np.float64(0.09445867484329697)), ('O2Hb_mean', np.float64(0.09291118294488881)), ('tHb_min', np.float64(0.08705069476992894)), ('tHb_mean', np.float64(0.07454988849241277)), ('O2Hb_median', np.float64(0.0702074628691967)), ('HHb_std', np.float64(0.06243741549313465)), ('HHb_median', np.float64(0.040099748046223155)), ('O2Hb_min', np.float64(0.0372671544420113)), ('HHb_min', np.float64(0.03478989584143278)), ('HHb_mean', np.float64(0.031010538402222863)), ('tHb_median', np.float64(0.02159799999873756))]",13
42,186,186,LogisticRegression,40,20,0.6567901234567901,0.6054397312766112,0.5737037037037037,0.5914546268669273,0.568079561042524,"O2Hb_max, HHb_max, O2Hb_mean, O2Hb_median, tHb_mean, tHb_max, tHb_min, HHb_std, O2Hb_min, HHb_median, HHb_mean, HHb_min, tHb_median, O2Hb_std, tHb_std",random_forest,"[('O2Hb_max', np.float64(0.15325720146518063)), ('HHb_max', np.float64(0.12068220991210288)), ('O2Hb_mean', np.float64(0.09016475963312531)), ('O2Hb_median', np.float64(0.08766210383880488)), ('tHb_mean', np.float64(0.08115599433559481)), ('tHb_max', np.float64(0.08002432663729224)), ('tHb_min', np.float64(0.06941098233361463)), ('HHb_std', np.float64(0.05810247364357815)), ('O2Hb_min', np.float64(0.058097853554580955)), ('HHb_median', np.float64(0.052373852809176856)), ('HHb_mean', np.float64(0.041818571285949194)), ('HHb_min', np.float64(0.03750056399644976)), ('tHb_median', np.float64(0.02591691364227907)), ('O2Hb_std', np.float64(0.024211784745635477)), ('tHb_std', np.float64(0.019620408166635163))]",15
43,190,190,DecisionTree,40,20,0.6641975308641975,0.6056320259493359,0.5659259259259259,0.5922442818994543,0.5864197530864198,"O2Hb_max, HHb_max, O2Hb_mean, O2Hb_median, tHb_mean, tHb_max, tHb_min, HHb_std, O2Hb_min, HHb_median, HHb_mean, HHb_min, tHb_median, O2Hb_std, tHb_std",random_forest,"[('O2Hb_max', np.float64(0.15325720146518063)), ('HHb_max', np.float64(0.12068220991210288)), ('O2Hb_mean', np.float64(0.09016475963312531)), ('O2Hb_median', np.float64(0.08766210383880488)), ('tHb_mean', np.float64(0.08115599433559481)), ('tHb_max', np.float64(0.08002432663729224)), ('tHb_min', np.float64(0.06941098233361463)), ('HHb_std', np.float64(0.05810247364357815)), ('O2Hb_min', np.float64(0.058097853554580955)), ('HHb_median', np.float64(0.052373852809176856)), ('HHb_mean', np.float64(0.041818571285949194)), ('HHb_min', np.float64(0.03750056399644976)), ('tHb_median', np.float64(0.02591691364227907)), ('O2Hb_std', np.float64(0.024211784745635477)), ('tHb_std', np.float64(0.019620408166635163))]",15
44,208,208,DecisionTree,40,50,0.7253086419753086,0.6622078685570749,0.625,0.6391534391534391,0.6450617283950618,"O2Hb_max, O2Hb_mean, tHb_max, tHb_min, HHb_max, tHb_mean, O2Hb_median, HHb_std, HHb_median, O2Hb_min, HHb_min, HHb_mean, tHb_median, O2Hb_std, tHb_std",random_forest,"[('O2Hb_max', np.float64(0.15645509317972658)), ('O2Hb_mean', np.float64(0.105380183872765)), ('tHb_max', np.float64(0.09979091391457263)), ('tHb_min', np.float64(0.09578227444847912)), ('HHb_max', np.float64(0.0900178197063043)), ('tHb_mean', np.float64(0.07672874444536393)), ('O2Hb_median', np.float64(0.07306997398048855)), ('HHb_std', np.float64(0.061872996906205964)), ('HHb_median', np.float64(0.055509638224500654)), ('O2Hb_min', np.float64(0.05454612568123423)), ('HHb_min', np.float64(0.03524798055919511)), ('HHb_mean', np.float64(0.03431905716629169)), ('tHb_median', np.float64(0.02134630099249455)), ('O2Hb_std', np.float64(0.020001656326042287)), ('tHb_std', np.float64(0.019931240596335394))]",15
45,224,224,RandomForest,40,80,0.7592592592592594,0.6589861751152073,0.6208333333333335,0.6173089418703454,0.714795524691358,"tHb_max, tHb_mean, tHb_median, tHb_min, O2Hb_max, O2Hb_mean, O2Hb_median, O2Hb_min, HHb_max, HHb_std, HHb_mean, HHb_median, HHb_min, tHb_std, O2Hb_std",select_k_best,"[('tHb_max', np.float64(52.79816034065594)), ('tHb_mean', np.float64(51.230089179887045)), ('tHb_median', np.float64(48.31585564655307)), ('tHb_min', np.float64(46.94740556265179)), ('O2Hb_max', np.float64(36.94383598504731)), ('O2Hb_mean', np.float64(28.693240086846618)), ('O2Hb_median', np.float64(28.546532059633105)), ('O2Hb_min', np.float64(20.663116586336287)), ('HHb_max', np.float64(17.8307377842842)), ('HHb_std', np.float64(12.502126842018669)), ('HHb_mean', np.float64(6.980687532159987)), ('HHb_median', np.float64(5.643255701194269)), ('HHb_min', np.float64(3.3923986609894476)), ('tHb_std', np.float64(0.4581864815274347)), ('O2Hb_std', np.float64(0.4022299809569873))]",15
46,226,226,DecisionTree,40,80,0.5925925925925927,0.6389972434597181,0.7263888888888889,0.7283950617283951,0.7222222222222223,"tHb_max, HHb_std, tHb_min, HHb_max, tHb_mean, O2Hb_max, O2Hb_median, tHb_median, O2Hb_mean, O2Hb_std, tHb_std, O2Hb_min, HHb_median, HHb_mean, HHb_min",random_forest,"[('tHb_max', np.float64(0.14432615801701304)), ('HHb_std', np.float64(0.09863807452327861)), ('tHb_min', np.float64(0.09793796238448113)), ('HHb_max', np.float64(0.09434356910952803)), ('tHb_mean', np.float64(0.09198903527703577)), ('O2Hb_max', np.float64(0.08672770017637418)), ('O2Hb_median', np.float64(0.07468756692958171)), ('tHb_median', np.float64(0.06532918801286586)), ('O2Hb_mean', np.float64(0.051000771301871216)), ('O2Hb_std', np.float64(0.04342033329373731)), ('tHb_std', np.float64(0.04166555678467677)), ('O2Hb_min', np.float64(0.03582970067991963)), ('HHb_median', np.float64(0.02689579822458328)), ('HHb_mean', np.float64(0.023604529861928403)), ('HHb_min', np.float64(0.02360405542312502))]",15
